Ticket,OpenTime,Action,Size,Symbol,OpenPrice,Unused,Unused,CloseTime,ClosePrice,Unused,Unused,PL,Unused,Unused
1,2016-06-08 08:00:00,Buy,135.842397,ETH_1h_london,$14.72,,,2016-06-08 09:00:00,$14.55,,,$-25.68,,,
2,2016-06-09 14:00:00,Buy,137.240911,ETH_1h_london,$14.57,,,2016-06-10 09:00:00,$14.66,,,$9.74,,,
3,2016-06-15 08:00:00,Buy,107.389908,ETH_1h_london,$18.62,,,2016-06-15 09:00:00,$18.65,,,$0.62,,,
4,2016-07-11 13:00:00,Buy,188.998117,ETH_1h_london,$10.58,,,2016-07-12 09:00:00,$10.81,,,$40.84,,,
5,2016-07-22 08:00:00,Buy,155.007758,ETH_1h_london,$12.90,,,2016-07-22 09:00:00,$13.00,,,$12.89,,,
6,2016-08-26 16:00:00,Buy,178.217476,ETH_1h_london,$11.22,,,2016-08-27 09:00:00,$11.22,,,$-2.60,,,
7,2016-08-30 16:00:00,Buy,180.632347,ETH_1h_london,$11.07,,,2016-08-31 09:00:00,$11.21,,,$22.67,,,
8,2016-09-07 11:00:00,Buy,170.034020,ETH_1h_london,$11.76,,,2016-09-08 09:00:00,$11.66,,,$-19.59,,,
9,2016-09-30 13:00:00,Buy,150.685763,ETH_1h_london,$13.27,,,2016-10-01 09:00:00,$13.20,,,$-13.14,,,
10,2016-10-13 15:00:00,Buy,169.170904,ETH_1h_london,$11.82,,,2016-10-14 09:00:00,$12.03,,,$32.90,,,
11,2016-10-25 08:00:00,Buy,171.639492,ETH_1h_london,$11.65,,,2016-10-25 09:00:00,$11.62,,,$-7.75,,,
12,2016-11-04 08:00:00,Buy,180.306590,ETH_1h_london,$11.09,,,2016-11-04 09:00:00,$11.05,,,$-9.81,,,
13,2016-11-17 14:00:00,Buy,198.965182,ETH_1h_london,$10.05,,,2016-11-18 09:00:00,$9.67,,,$-78.16,,,
14,2016-11-23 08:00:00,Buy,203.211390,ETH_1h_london,$9.84,,,2016-11-23 09:00:00,$9.84,,,$-2.60,,,
15,2016-12-06 16:00:00,Buy,288.959549,ETH_1h_london,$6.92,,,2016-12-07 09:00:00,$7.45,,,$150.45,,,
16,2016-12-27 14:00:00,Buy,276.952920,ETH_1h_london,$7.22,,,2016-12-28 09:00:00,$7.12,,,$-30.28,,,
17,2017-01-05 11:00:00,Buy,189.176923,ETH_1h_london,$10.57,,,2017-01-05 12:00:00,$10.67,,,$16.31,,,
18,2017-01-18 15:00:00,Buy,197.784380,ETH_1h_london,$10.11,,,2017-01-19 09:00:00,$10.27,,,$29.03,,,
19,2017-02-01 15:00:00,Buy,188.998117,ETH_1h_london,$10.58,,,2017-02-02 09:00:00,$10.64,,,$8.73,,,
20,2017-02-26 08:00:00,Buy,147.354464,ETH_1h_london,$13.57,,,2017-02-26 09:00:00,$13.60,,,$1.82,,,
21,2017-03-01 15:00:00,Buy,125.998745,ETH_1h_london,$15.87,,,2017-03-02 09:00:00,$17.41,,,$191.31,,,
22,2017-03-03 15:00:00,Buy,104.200108,ETH_1h_london,$19.19,,,2017-03-04 09:00:00,$19.89,,,$70.29,,,
23,2017-03-10 16:00:00,Buy,109.687333,ETH_1h_london,$18.23,,,2017-03-11 09:00:00,$19.79,,,$168.40,,,
24,2017-03-15 16:00:00,Buy,65.346408,ETH_1h_london,$30.61,,,2017-03-16 09:00:00,$40.50,,,$644.56,,,
25,2017-05-15 15:00:00,Buy,21.570659,ETH_1h_london,$92.72,,,2017-05-16 09:00:00,$90.98,,,$-39.25,,,
26,2017-05-21 14:00:00,Buy,15.260628,ETH_1h_london,$131.06,,,2017-05-21 15:00:00,$134.34,,,$48.34,,,
27,2017-05-24 16:00:00,Buy,10.308280,ETH_1h_london,$194.02,,,2017-05-25 09:00:00,$202.53,,,$85.89,,,
28,2017-07-17 15:00:00,Buy,12.194171,ETH_1h_london,$164.01,,,2017-07-18 09:00:00,$189.96,,,$314.49,,,
29,2017-08-09 12:00:00,Buy,6.931023,ETH_1h_london,$288.56,,,2017-08-10 09:00:00,$299.04,,,$70.82,,,
30,2017-09-28 16:00:00,Buy,6.652693,ETH_1h_london,$300.63,,,2017-09-29 09:00:00,$289.34,,,$-76.86,,,
31,2017-10-12 13:00:00,Buy,6.556281,ETH_1h_london,$305.05,,,2017-10-13 09:00:00,$324.46,,,$125.36,,,
32,2017-11-08 16:00:00,Buy,6.686060,ETH_1h_london,$299.13,,,2017-11-09 09:00:00,$315.11,,,$104.98,,,
33,2018-02-06 16:00:00,Buy,2.691252,ETH_1h_london,$743.15,,,2018-02-07 09:00:00,$776.83,,,$88.82,,,
34,2018-03-05 16:00:00,Buy,2.333256,ETH_1h_london,$857.17,,,2018-03-06 09:00:00,$845.64,,,$-28.69,,,
35,2018-03-12 16:00:00,Buy,2.877247,ETH_1h_london,$695.11,,,2018-03-13 09:00:00,$697.88,,,$6.17,,,
36,2018-04-04 13:00:00,Buy,5.193901,ETH_1h_london,$385.07,,,2018-04-05 09:00:00,$379.67,,,$-29.80,,,
37,2018-04-09 16:00:00,Buy,5.072038,ETH_1h_london,$394.32,,,2018-04-10 09:00:00,$396.71,,,$10.33,,,
38,2018-07-23 16:00:00,Buy,4.336869,ETH_1h_london,$461.16,,,2018-07-24 09:00:00,$471.71,,,$43.90,,,
39,2018-07-25 13:00:00,Buy,4.260905,ETH_1h_london,$469.38,,,2018-07-26 09:00:00,$479.30,,,$40.45,,,
40,2018-08-05 08:00:00,Buy,4.932534,ETH_1h_london,$405.47,,,2018-08-05 09:00:00,$402.82,,,$-14.87,,,
41,2018-08-25 08:00:00,Buy,7.213044,ETH_1h_london,$277.28,,,2018-08-25 09:00:00,$276.94,,,$-4.19,,,
42,2018-09-12 08:00:00,Buy,11.675133,ETH_1h_london,$171.30,,,2018-09-12 09:00:00,$170.31,,,$-13.45,,,
43,2018-09-27 15:00:00,Buy,9.156936,ETH_1h_london,$218.41,,,2018-09-28 09:00:00,$229.95,,,$103.83,,,
44,2018-10-21 08:00:00,Buy,9.798119,ETH_1h_london,$204.12,,,2018-10-21 09:00:00,$204.02,,,$-2.80,,,
45,2018-10-26 16:00:00,Buy,9.990508,ETH_1h_london,$200.19,,,2018-10-27 09:00:00,$201.17,,,$7.98,,,
46,2018-11-27 08:00:00,Buy,18.899812,ETH_1h_london,$105.82,,,2018-11-27 09:00:00,$103.39,,,$-47.74,,,
47,2018-11-27 12:00:00,Buy,19.602001,ETH_1h_london,$102.03,,,2018-11-28 09:00:00,$112.85,,,$210.14,,,
48,2019-01-16 16:00:00,Buy,16.395540,ETH_1h_london,$121.98,,,2019-01-17 09:00:00,$120.83,,,$-20.79,,,
49,2019-01-25 13:00:00,Buy,17.317053,ETH_1h_london,$115.49,,,2019-01-26 09:00:00,$116.47,,,$15.05,,,
50,2019-02-05 15:00:00,Buy,18.887315,ETH_1h_london,$105.89,,,2019-02-06 09:00:00,$101.88,,,$-77.53,,,
51,2019-02-17 13:00:00,Buy,16.197652,ETH_1h_london,$123.47,,,2019-02-18 09:00:00,$135.88,,,$199.09,,,
52,2019-03-01 08:00:00,Buy,14.812950,ETH_1h_london,$135.02,,,2019-03-01 09:00:00,$135.15,,,$0.21,,,
53,2019-03-14 16:00:00,Buy,15.210711,ETH_1h_london,$131.49,,,2019-03-15 09:00:00,$132.44,,,$12.75,,,
54,2019-04-20 16:00:00,Buy,11.569082,ETH_1h_london,$172.87,,,2019-04-21 09:00:00,$171.77,,,$-14.62,,,
55,2019-04-29 15:00:00,Buy,13.236249,ETH_1h_london,$151.10,,,2019-04-30 09:00:00,$155.15,,,$51.77,,,
56,2019-05-12 16:00:00,Buy,10.850291,ETH_1h_london,$184.33,,,2019-05-13 09:00:00,$187.57,,,$33.40,,,
57,2019-05-28 16:00:00,Buy,7.418290,ETH_1h_london,$269.60,,,2019-05-29 09:00:00,$264.38,,,$-40.56,,,
58,2019-05-29 16:00:00,Buy,7.349309,ETH_1h_london,$272.13,,,2019-05-30 09:00:00,$283.14,,,$79.07,,,
59,2019-06-10 15:00:00,Buy,8.230839,ETH_1h_london,$242.99,,,2019-06-11 09:00:00,$246.28,,,$25.28,,,
60,2019-08-06 13:00:00,Buy,8.716652,ETH_1h_london,$229.45,,,2019-08-07 09:00:00,$224.71,,,$-43.11,,,
61,2019-08-23 12:00:00,Buy,10.486680,ETH_1h_london,$190.72,,,2019-08-23 16:00:00,$195.41,,,$47.39,,,
62,2019-09-16 15:00:00,Buy,10.554764,ETH_1h_london,$189.49,,,2019-09-17 09:00:00,$198.66,,,$94.97,,,
63,2019-11-11 11:00:00,Buy,10.739568,ETH_1h_london,$186.23,,,2019-11-12 09:00:00,$185.78,,,$-6.57,,,
64,2019-12-03 16:00:00,Buy,13.488937,ETH_1h_london,$148.27,,,2019-12-04 09:00:00,$145.41,,,$-40.34,,,
65,2019-12-30 16:00:00,Buy,15.362631,ETH_1h_london,$130.19,,,2019-12-31 09:00:00,$131.35,,,$16.13,,,
66,2020-01-07 14:00:00,Buy,14.194648,ETH_1h_london,$140.90,,,2020-01-08 09:00:00,$143.97,,,$41.80,,,
67,2020-01-11 08:00:00,Buy,13.996921,ETH_1h_london,$142.89,,,2020-01-11 09:00:00,$142.73,,,$-4.00,,,
68,2020-01-18 16:00:00,Buy,11.399579,ETH_1h_london,$175.45,,,2020-01-19 09:00:00,$175.78,,,$2.07,,,
69,2020-03-04 08:00:00,Buy,8.823971,ETH_1h_london,$226.66,,,2020-03-04 09:00:00,$226.46,,,$-3.48,,,
70,2020-03-16 14:00:00,Buy,18.324781,ETH_1h_london,$109.14,,,2020-03-17 09:00:00,$117.36,,,$148.66,,,
71,2020-03-23 14:00:00,Buy,15.158821,ETH_1h_london,$131.94,,,2020-03-24 09:00:00,$140.37,,,$126.02,,,
72,2020-04-22 16:00:00,Buy,10.969937,ETH_1h_london,$182.32,,,2020-04-23 09:00:00,$180.02,,,$-26.94,,,
73,2020-04-30 14:00:00,Buy,9.555577,ETH_1h_london,$209.30,,,2020-05-01 09:00:00,$212.90,,,$32.54,,,
74,2020-05-06 15:00:00,Buy,9.613462,ETH_1h_london,$208.04,,,2020-05-07 09:00:00,$204.99,,,$-31.13,,,
75,2020-05-07 16:00:00,Buy,9.673456,ETH_1h_london,$206.75,,,2020-05-08 09:00:00,$209.56,,,$25.34,,,
76,2020-06-17 16:00:00,Buy,8.629381,ETH_1h_london,$231.77,,,2020-06-18 09:00:00,$233.22,,,$10.77,,,
77,2020-06-29 08:00:00,Buy,8.961592,ETH_1h_london,$223.17,,,2020-06-29 09:00:00,$222.58,,,$-7.17,,,
78,2020-07-14 08:00:00,Buy,8.394274,ETH_1h_london,$238.26,,,2020-07-14 09:00:00,$238.22,,,$-2.10,,,
79,2020-09-14 16:00:00,Buy,5.349528,ETH_1h_london,$373.86,,,2020-09-15 09:00:00,$375.65,,,$7.77,,,
80,2020-10-08 16:00:00,Buy,5.719026,ETH_1h_london,$349.71,,,2020-10-09 08:00:00,$348.59,,,$-8.20,,,
81,2020-11-18 15:00:00,Buy,4.246337,ETH_1h_london,$470.99,,,2020-11-19 09:00:00,$469.66,,,$-7.48,,,
82,2020-11-22 13:00:00,Buy,3.792724,ETH_1h_london,$527.33,,,2020-11-23 08:00:00,$581.44,,,$203.36,,,
83,2020-12-01 13:00:00,Buy,3.461911,ETH_1h_london,$577.72,,,2020-12-01 15:00:00,$611.02,,,$113.44,,,
84,2021-01-02 14:00:00,Buy,2.589351,ETH_1h_london,$772.39,,,2021-01-03 08:00:00,$800.61,,,$71.23,,,
85,2021-01-28 16:00:00,Buy,1.478480,ETH_1h_london,$1352.74,,,2021-01-29 09:00:00,$1378.60,,,$36.42,,,
86,2021-02-05 08:00:00,Buy,1.200219,ETH_1h_london,$1666.36,,,2021-02-05 09:00:00,$1669.79,,,$2.31,,,
87,2021-02-09 08:00:00,Buy,1.139341,ETH_1h_london,$1755.40,,,2021-02-09 09:00:00,$1805.53,,,$55.29,,,
88,2021-02-17 14:00:00,Buy,1.096717,ETH_1h_london,$1823.62,,,2021-02-18 09:00:00,$1889.88,,,$70.83,,,
89,2021-02-21 08:00:00,Buy,1.044308,ETH_1h_london,$1915.14,,,2021-02-21 09:00:00,$1937.46,,,$21.50,,,
90,2021-03-31 11:00:00,Buy,1.106469,ETH_1h_london,$1807.55,,,2021-04-01 08:00:00,$1914.86,,,$116.88,,,
91,2021-05-11 08:00:00,Buy,0.506523,ETH_1h_london,$3948.49,,,2021-05-11 09:00:00,$3964.95,,,$6.53,,,
92,2021-07-14 16:00:00,Buy,0.993694,ETH_1h_london,$2012.69,,,2021-07-15 09:00:00,$1952.76,,,$-61.33,,,
93,2021-10-08 08:00:00,Buy,0.558262,ETH_1h_london,$3582.55,,,2021-10-08 09:00:00,$3602.98,,,$9.60,,,
94,2021-10-22 08:00:00,Buy,0.485402,ETH_1h_london,$4120.29,,,2021-10-22 09:00:00,$4142.06,,,$8.76,,,
95,2021-11-10 16:00:00,Buy,0.412370,ETH_1h_london,$4850.01,,,2021-11-11 09:00:00,$4719.82,,,$-55.46,,,
96,2021-11-23 08:00:00,Buy,0.486690,ETH_1h_london,$4109.39,,,2021-11-23 09:00:00,$4131.88,,,$9.14,,,
97,2021-12-18 08:00:00,Buy,0.513681,ETH_1h_london,$3893.47,,,2021-12-18 09:00:00,$3894.71,,,$-1.16,,,
98,2022-01-04 08:00:00,Buy,0.531169,ETH_1h_london,$3765.28,,,2022-01-04 09:00:00,$3770.03,,,$0.72,,,
99,2022-01-10 16:00:00,Buy,0.665068,ETH_1h_london,$3007.21,,,2022-01-11 09:00:00,$3106.92,,,$64.48,,,
100,2022-01-25 08:00:00,Buy,0.838576,ETH_1h_london,$2385.00,,,2022-01-25 09:00:00,$2385.98,,,$-0.97,,,
101,2022-02-07 16:00:00,Buy,0.639579,ETH_1h_london,$3127.06,,,2022-02-08 09:00:00,$3105.09,,,$-15.84,,,
102,2022-02-14 16:00:00,Buy,0.680648,ETH_1h_london,$2938.38,,,2022-02-15 09:00:00,$3079.49,,,$94.21,,,
103,2022-02-23 08:00:00,Buy,0.741232,ETH_1h_london,$2698.21,,,2022-02-23 09:00:00,$2703.47,,,$2.10,,,
104,2022-02-28 16:00:00,Buy,0.709742,ETH_1h_london,$2817.92,,,2022-03-01 09:00:00,$2924.41,,,$73.74,,,
105,2022-03-03 08:00:00,Buy,0.687436,ETH_1h_london,$2909.36,,,2022-03-03 09:00:00,$2906.38,,,$-3.85,,,
106,2022-03-08 16:00:00,Buy,0.781164,ETH_1h_london,$2560.28,,,2022-03-09 09:00:00,$2755.01,,,$150.25,,,
107,2022-03-15 16:00:00,Buy,0.777093,ETH_1h_london,$2573.69,,,2022-03-16 08:00:00,$2647.40,,,$55.45,,,
108,2022-03-23 16:00:00,Buy,0.659092,ETH_1h_london,$3034.48,,,2022-03-24 09:00:00,$3048.75,,,$7.60,,,
109,2022-05-10 15:00:00,Buy,0.824577,ETH_1h_london,$2425.49,,,2022-05-11 09:00:00,$2314.37,,,$-93.38,,,
110,2022-05-19 16:00:00,Buy,1.010920,ETH_1h_london,$1978.40,,,2022-05-20 09:00:00,$2023.35,,,$43.62,,,
111,2022-07-06 08:00:00,Buy,1.763891,ETH_1h_london,$1133.86,,,2022-07-06 09:00:00,$1137.75,,,$5.07,,,
112,2022-07-20 08:00:00,Buy,1.273842,ETH_1h_london,$1570.05,,,2022-07-20 09:00:00,$1530.65,,,$-51.97,,,
113,2022-07-27 16:00:00,Buy,1.340826,ETH_1h_london,$1491.62,,,2022-07-28 09:00:00,$1617.47,,,$166.86,,,
114,2022-09-20 08:00:00,Buy,1.470370,ETH_1h_london,$1360.20,,,2022-09-20 09:00:00,$1358.48,,,$-4.33,,,
115,2022-09-29 08:00:00,Buy,1.505247,ETH_1h_london,$1328.69,,,2022-09-29 09:00:00,$1321.71,,,$-12.30,,,
116,2022-10-06 16:00:00,Buy,1.459360,ETH_1h_london,$1370.46,,,2022-10-07 09:00:00,$1356.07,,,$-22.80,,,
117,2022-10-12 15:00:00,Buy,1.539516,ETH_1h_london,$1299.11,,,2022-10-13 09:00:00,$1277.16,,,$-35.57,,,
118,2022-11-22 16:00:00,Buy,1.763129,ETH_1h_london,$1134.35,,,2022-11-23 09:00:00,$1162.69,,,$48.15,,,
119,2022-12-23 15:00:00,Buy,1.645369,ETH_1h_london,$1215.53,,,2022-12-24 09:00:00,$1218.07,,,$2.37,,,
120,2022-12-31 08:00:00,Buy,1.671655,ETH_1h_london,$1196.42,,,2022-12-31 09:00:00,$1195.19,,,$-3.85,,,
121,2023-01-03 16:00:00,Buy,1.650639,ETH_1h_london,$1211.65,,,2023-01-04 09:00:00,$1250.10,,,$61.63,,,
122,2023-01-05 16:00:00,Buy,1.601384,ETH_1h_london,$1248.92,,,2023-01-06 09:00:00,$1248.45,,,$-2.55,,,
123,2023-01-12 15:00:00,Buy,1.448073,ETH_1h_london,$1381.15,,,2023-01-13 09:00:00,$1408.47,,,$37.75,,,
124,2023-01-14 08:00:00,Buy,1.287133,ETH_1h_london,$1553.84,,,2023-01-14 09:00:00,$1562.87,,,$9.81,,,
125,2023-02-03 15:00:00,Buy,1.203194,ETH_1h_london,$1662.24,,,2023-02-04 09:00:00,$1651.57,,,$-14.64,,,
126,2023-03-02 08:00:00,Buy,1.215976,ETH_1h_london,$1644.77,,,2023-03-02 09:00:00,$1646.47,,,$0.27,,,
127,2023-03-07 16:00:00,Buy,1.281212,ETH_1h_london,$1561.02,,,2023-03-08 09:00:00,$1552.19,,,$-13.11,,,
128,2023-03-09 08:00:00,Buy,1.301247,ETH_1h_london,$1536.99,,,2023-03-09 09:00:00,$1531.78,,,$-8.57,,,
129,2023-03-15 14:00:00,Buy,1.195075,ETH_1h_london,$1673.53,,,2023-03-16 09:00:00,$1658.44,,,$-19.83,,,
130,2023-04-12 16:00:00,Buy,1.043584,ETH_1h_london,$1916.47,,,2023-04-13 09:00:00,$1923.48,,,$5.50,,,
131,2023-04-25 08:00:00,Buy,1.096687,ETH_1h_london,$1823.67,,,2023-04-25 09:00:00,$1815.47,,,$-10.80,,,
132,2023-04-26 08:00:00,Buy,1.071281,ETH_1h_london,$1866.92,,,2023-04-26 09:00:00,$1861.81,,,$-7.28,,,
133,2023-04-29 08:00:00,Buy,1.052388,ETH_1h_london,$1900.44,,,2023-04-29 09:00:00,$1903.23,,,$1.13,,,
134,2023-05-06 14:00:00,Buy,1.044352,ETH_1h_london,$1915.06,,,2023-05-07 09:00:00,$1908.13,,,$-9.04,,,
135,2023-05-22 16:00:00,Buy,1.098718,ETH_1h_london,$1820.30,,,2023-05-23 09:00:00,$1854.02,,,$35.23,,,
136,2023-05-31 08:00:00,Buy,1.070106,ETH_1h_london,$1868.97,,,2023-05-31 09:00:00,$1869.89,,,$-0.82,,,
137,2023-06-14 08:00:00,Buy,1.148654,ETH_1h_london,$1741.17,,,2023-06-14 09:00:00,$1740.93,,,$-2.07,,,
138,2023-06-17 08:00:00,Buy,1.145030,ETH_1h_london,$1746.68,,,2023-06-17 09:00:00,$1742.90,,,$-6.12,,,
139,2023-08-11 08:00:00,Buy,1.082093,ETH_1h_london,$1848.27,,,2023-08-11 09:00:00,$1846.30,,,$-3.93,,,
140,2023-08-15 08:00:00,Buy,1.086964,ETH_1h_london,$1839.99,,,2023-08-15 09:00:00,$1840.74,,,$-0.98,,,
141,2023-08-25 08:00:00,Buy,1.211578,ETH_1h_london,$1650.74,,,2023-08-25 09:00:00,$1650.40,,,$-2.21,,,
142,2023-08-25 16:00:00,Buy,1.220064,ETH_1h_london,$1639.26,,,2023-08-26 09:00:00,$1651.63,,,$13.29,,,
143,2023-09-01 08:00:00,Buy,1.216043,ETH_1h_london,$1644.68,,,2023-09-01 09:00:00,$1645.36,,,$-0.97,,,
144,2023-09-12 14:00:00,Buy,1.246595,ETH_1h_london,$1604.37,,,2023-09-13 09:00:00,$1583.91,,,$-27.29,,,
145,2023-09-19 12:00:00,Buy,1.214285,ETH_1h_london,$1647.06,,,2023-09-20 09:00:00,$1634.33,,,$-17.25,,,
146,2023-09-26 15:00:00,Buy,1.262151,ETH_1h_london,$1584.60,,,2023-09-27 09:00:00,$1591.03,,,$6.32,,,
147,2023-09-27 16:00:00,Buy,1.255013,ETH_1h_london,$1593.61,,,2023-09-28 09:00:00,$1617.47,,,$28.13,,,
148,2023-10-25 16:00:00,Buy,1.106469,ETH_1h_london,$1807.55,,,2023-10-26 09:00:00,$1849.32,,,$44.39,,,
149,2023-10-30 16:00:00,Buy,1.098567,ETH_1h_london,$1820.55,,,2023-10-31 09:00:00,$1801.68,,,$-22.53,,,
150,2023-11-21 16:00:00,Buy,1.005441,ETH_1h_london,$1989.18,,,2023-11-22 09:00:00,$2003.32,,,$12.41,,,
151,2023-12-06 08:00:00,Buy,0.882541,ETH_1h_london,$2266.18,,,2023-12-06 09:00:00,$2278.67,,,$9.22,,,
152,2023-12-06 13:00:00,Buy,0.883430,ETH_1h_london,$2263.90,,,2023-12-07 09:00:00,$2245.32,,,$-18.21,,,
153,2024-01-09 15:00:00,Buy,0.889648,ETH_1h_london,$2248.08,,,2024-01-10 09:00:00,$2364.96,,,$102.13,,,
154,2024-01-13 08:00:00,Buy,0.783874,ETH_1h_london,$2551.43,,,2024-01-13 09:00:00,$2554.95,,,$0.96,,,
155,2024-02-06 12:00:00,Buy,0.860835,ETH_1h_london,$2323.32,,,2024-02-07 09:00:00,$2361.00,,,$30.62,,,
156,2024-02-13 08:00:00,Buy,0.754671,ETH_1h_london,$2650.16,,,2024-02-13 09:00:00,$2663.30,,,$8.11,,,
157,2024-02-13 15:00:00,Buy,0.759305,ETH_1h_london,$2633.99,,,2024-02-14 09:00:00,$2707.26,,,$53.81,,,
158,2024-02-20 11:00:00,Buy,0.684827,ETH_1h_london,$2920.44,,,2024-02-20 14:00:00,$2996.78,,,$50.45,,,
159,2024-02-20 16:00:00,Buy,0.683355,ETH_1h_london,$2926.74,,,2024-02-21 09:00:00,$2940.89,,,$7.87,,,
160,2024-02-26 11:00:00,Buy,0.654300,ETH_1h_london,$3056.70,,,2024-02-26 15:00:00,$3104.05,,,$29.17,,,
161,2024-03-04 16:00:00,Buy,0.561219,ETH_1h_london,$3563.67,,,2024-03-05 09:00:00,$3693.17,,,$70.84,,,
162,2024-03-06 16:00:00,Buy,0.527347,ETH_1h_london,$3792.57,,,2024-03-07 09:00:00,$3792.51,,,$-1.83,,,
163,2024-03-27 15:00:00,Buy,0.562159,ETH_1h_london,$3557.71,,,2024-03-28 09:00:00,$3573.58,,,$7.11,,,
164,2024-04-09 16:00:00,Buy,0.567765,ETH_1h_london,$3522.58,,,2024-04-10 09:00:00,$3534.98,,,$5.24,,,
165,2024-06-20 16:00:00,Buy,0.568175,ETH_1h_london,$3520.04,,,2024-06-21 09:00:00,$3472.74,,,$-28.67,,,
166,2024-06-29 08:00:00,Buy,0.591099,ETH_1h_london,$3383.53,,,2024-06-29 09:00:00,$3393.59,,,$4.15,,,
167,2024-07-08 16:00:00,Buy,0.670804,ETH_1h_london,$2981.50,,,2024-07-09 09:00:00,$3061.17,,,$51.62,,,
168,2024-07-30 08:00:00,Buy,0.600905,ETH_1h_london,$3328.32,,,2024-07-30 09:00:00,$3339.30,,,$4.80,,,
169,2024-07-31 16:00:00,Buy,0.602316,ETH_1h_london,$3320.51,,,2024-08-01 09:00:00,$3164.46,,,$-95.75,,,
170,2024-09-05 08:00:00,Buy,0.833726,ETH_1h_london,$2398.87,,,2024-09-05 09:00:00,$2411.78,,,$8.96,,,
171,2024-09-12 08:00:00,Buy,0.847608,ETH_1h_london,$2359.58,,,2024-09-12 09:00:00,$2359.15,,,$-2.17,,,
172,2024-09-13 08:00:00,Buy,0.855356,ETH_1h_london,$2338.21,,,2024-09-13 09:00:00,$2348.56,,,$7.05,,,
173,2024-09-24 08:00:00,Buy,0.757376,ETH_1h_london,$2640.70,,,2024-09-24 09:00:00,$2646.32,,,$2.46,,,
174,2024-10-08 16:00:00,Buy,0.821252,ETH_1h_london,$2435.31,,,2024-10-09 09:00:00,$2433.98,,,$-2.89,,,
175,2024-10-15 16:00:00,Buy,0.778773,ETH_1h_london,$2568.14,,,2024-10-16 09:00:00,$2606.03,,,$27.69,,,
176,2024-11-05 16:00:00,Buy,0.819377,ETH_1h_london,$2440.88,,,2024-11-06 09:00:00,$2605.74,,,$133.22,,,
177,2024-11-20 16:00:00,Buy,0.638204,ETH_1h_london,$3133.80,,,2024-11-21 09:00:00,$3142.09,,,$3.49,,,
178,2024-11-26 08:00:00,Buy,0.589015,ETH_1h_london,$3395.50,,,2024-11-26 09:00:00,$3372.35,,,$-15.43,,,
179,2024-11-30 08:00:00,Buy,0.539844,ETH_1h_london,$3704.77,,,2024-11-30 09:00:00,$3694.21,,,$-7.50,,,
180,2024-12-12 08:00:00,Buy,0.511835,ETH_1h_london,$3907.51,,,2024-12-12 09:00:00,$3912.34,,,$0.67,,,
181,2024-12-16 16:00:00,Buy,0.507396,ETH_1h_london,$3941.70,,,2024-12-17 09:00:00,$4009.74,,,$32.71,,,
182,2025-02-05 08:00:00,Buy,0.724377,ETH_1h_london,$2760.99,,,2025-02-05 09:00:00,$2773.71,,,$7.40,,,
183,2025-02-13 16:00:00,Buy,0.755056,ETH_1h_london,$2648.81,,,2025-02-14 09:00:00,$2705.52,,,$41.00,,,
184,2025-03-01 08:00:00,Buy,0.897442,ETH_1h_london,$2228.56,,,2025-03-01 09:00:00,$2233.66,,,$2.78,,,
185,2025-04-22 12:00:00,Buy,1.227841,ETH_1h_london,$1628.88,,,2025-04-22 16:00:00,$1675.07,,,$54.90,,,
186,2025-05-01 16:00:00,Buy,1.081280,ETH_1h_london,$1849.66,,,2025-05-02 09:00:00,$1816.42,,,$-37.73,,,
187,2025-05-07 16:00:00,Buy,1.097132,ETH_1h_london,$1822.93,,,2025-05-08 09:00:00,$1928.25,,,$113.70,,,
188,2025-05-29 08:00:00,Buy,0.732776,ETH_1h_london,$2729.35,,,2025-05-29 09:00:00,$2731.88,,,$0.06,,,
189,2025-06-02 16:00:00,Buy,0.789622,ETH_1h_london,$2532.86,,,2025-06-03 09:00:00,$2611.40,,,$60.19,,,
190,2025-07-08 16:00:00,Buy,0.779705,ETH_1h_london,$2565.07,,,2025-07-09 09:00:00,$2624.90,,,$44.83,,,
191,2025-08-12 15:00:00,Buy,0.456229,ETH_1h_london,$4383.77,,,2025-08-13 09:00:00,$4625.02,,,$108.22,,,
192,2025-09-09 16:00:00,Buy,0.464417,ETH_1h_london,$4306.47,,,2025-09-10 09:00:00,$4328.30,,,$8.34,,,
193,2025-10-24 16:00:00,Buy,0.512279,ETH_1h_london,$3904.12,,,2025-10-25 09:00:00,$3928.90,,,$10.89,,,
194,2025-10-28 15:00:00,Buy,0.485421,ETH_1h_london,$4120.13,,,2025-10-29 09:00:00,$4007.61,,,$-56.40,,,
195,2025-11-17 16:00:00,Buy,0.641331,ETH_1h_london,$3118.51,,,2025-11-18 09:00:00,$3056.24,,,$-41.72,,,
196,2025-11-29 08:00:00,Buy,0.665274,ETH_1h_london,$3006.28,,,2025-11-29 09:00:00,$3008.73,,,$-0.17,,,
197,2025-12-02 16:00:00,Buy,0.665002,ETH_1h_london,$3007.51,,,2025-12-03 08:00:00,$3057.84,,,$31.65,,,
198,2025-12-08 16:00:00,Buy,0.644656,ETH_1h_london,$3102.43,,,2025-12-09 09:00:00,$3120.36,,,$9.75,,,
199,2025-12-31 16:00:00,Buy,0.670629,ETH_1h_london,$2982.28,,,2026-01-01 09:00:00,$2977.07,,,$-5.29,,,
200,2026-01-07 08:00:00,Buy,0.614770,ETH_1h_london,$3253.25,,,2026-01-07 09:00:00,$3251.26,,,$-3.02,,,
201,2026-01-12 16:00:00,Buy,0.639489,ETH_1h_london,$3127.50,,,2026-01-13 09:00:00,$3132.14,,,$1.17,,,
202,2026-01-15 16:00:00,Buy,0.600457,ETH_1h_london,$3330.80,,,2026-01-16 09:00:00,$3311.53,,,$-13.36,,,
203,2026-01-26 16:00:00,Buy,0.690429,ETH_1h_london,$2896.75,,,2026-01-27 09:00:00,$2918.59,,,$13.27,,,
204,2026-02-04 08:00:00,Buy,0.876806,ETH_1h_london,$2281.01,,,2026-02-04 09:00:00,$2276.30,,,$-5.92,,,
205,2026-02-06 16:00:00,Buy,1.009991,ETH_1h_london,$1980.22,,,2026-02-07 09:00:00,$2017.82,,,$36.16,,,
206,2026-02-18 16:00:00,Buy,1.007655,ETH_1h_london,$1984.81,,,2026-02-19 09:00:00,$1969.35,,,$-17.37,,,
207,2026-03-04 08:00:00,Buy,0.996531,ETH_1h_london,$2006.96,,,2026-03-04 09:00:00,$2063.60,,,$54.61,,,
208,2026-03-06 08:00:00,Buy,0.960008,ETH_1h_london,$2083.32,,,2026-03-06 09:00:00,$2075.91,,,$-8.90,,,
209,2026-03-11 16:00:00,Buy,0.975186,ETH_1h_london,$2050.89,,,2026-03-12 09:00:00,$2047.77,,,$-4.84,,,
210,2026-03-14 08:00:00,Buy,0.962494,ETH_1h_london,$2077.94,,,2026-03-14 09:00:00,$2074.19,,,$-5.41,,,
211,2026-03-24 15:00:00,Buy,0.937406,ETH_1h_london,$2133.55,,,2026-03-25 09:00:00,$2175.59,,,$37.60,,,
212,2026-04-11 08:00:00,Buy,0.893880,ETH_1h_london,$2237.44,,,2026-04-11 09:00:00,$2233.45,,,$-5.36,,,
213,2026-04-29 14:00:00,Buy,0.863463,ETH_1h_london,$2316.25,,,2026-04-30 09:00:00,$2259.53,,,$-50.76,,,
214,2026-05-05 08:00:00,Buy,0.840634,ETH_1h_london,$2379.16,,,2026-05-05 09:00:00,$2380.11,,,$-0.99,,,
215,2026-05-11 16:00:00,Buy,0.863672,ETH_1h_london,$2315.69,,,2026-05-12 09:00:00,$2293.61,,,$-20.86,,,
216,2026-05-15 08:00:00,Buy,0.886827,ETH_1h_london,$2255.23,,,2026-05-15 09:00:00,$2263.95,,,$5.93,,,
217,2026-06-29 16:00:00,Buy,1.273566,ETH_1h_london,$1570.39,,,2026-06-30 09:00:00,$1589.50,,,$22.52,,,
218,2026-06-30 16:00:00,Buy,1.281483,ETH_1h_london,$1560.69,,,2026-07-01 09:00:00,$1575.87,,,$17.65,,,
219,2026-07-11 08:00:00,Buy,1.112149,ETH_1h_london,$1798.32,,,2026-07-11 09:00:00,$1798.30,,,$-1.82,,,
220,2026-07-16 14:00:00,Buy,1.068568,ETH_1h_london,$1871.66,,,2026-07-17 09:00:00,$1826.15,,,$-50.41,,,
